row,choice,change,data,needs_gpu,comparator,opp_n,opp_both_correct,opp_both_correct_lo,opp_both_correct_hi,opp_same_sign,opp_same_sign_lo,opp_same_sign_hi,right_ssl,right_opp,right_ssr,contrast_pts,contrast_p,contrast_pairs,contrast_discordant,splits_right_way,splits,splits_share,splits_p,signed_median_bins,signed_p,signed_rank_biserial,share_exact_ties,ss_left_both_correct,ss_right_both_correct,main_label,cmp_label,cmp_opp_n,cmp_opp_both_correct,cmp_opp_both_correct_lo,cmp_opp_both_correct_hi,cmp_opp_same_sign,cmp_opp_same_sign_lo,cmp_opp_same_sign_hi,cmp_right_ssl,cmp_right_opp,cmp_right_ssr,cmp_contrast_pts,cmp_contrast_p,cmp_splits_right_way,cmp_splits,cmp_splits_p,cmp_signed_median_bins,cmp_signed_p
ref,Reference analysis,-,"replay_bf16 (GH200), cf1",False,,112,0.0625,0.018018,0.108108,0.8125,0.736317,0.883929,0.440678,0.709821,0.994253,10.6667,0.0385742,75,12,7,21,0.333333,0.189247,-0.151509,0.0114577,-0.15822,0,0.508475,0.988506,,,,,,,,,,,,,,,,,,,
dx,Action channel,dx (component 0) instead of dy; dx's own one-bin floor (q99-q01)/255 = 0.000224,"replay_bf16, cf0",False,ref,142,0.0422535,0.013986,0.0774648,0.915493,0.866197,0.958042,0.81875,0.823944,0.775281,-1.8018,0.774414,111,12,6,12,0.5,1,0.0903237,0.051431,0.121891,0,0.1375,0.719101,,,,,,,,,,,,,,,,,,,
sign,Sign convention,image-right = positive dy (flipped),"replay_bf16 (GH200), cf1",False,ref,112,0.125,0.0701754,0.189189,0.8125,0.736317,0.883929,0.559322,0.290179,0.00574713,10.6667,0.0385742,75,12,14,21,0.666667,0.189247,0.151509,0.0114577,0.15822,0,0.389831,0,,,,,,,,,,,,,,,,,,,
zero,Zero point,dy measured from normalised zero (bin 127 = -0.000424) instead of physical zero,"replay_bf16 (GH200), cf1",False,ref,112,0.0625,0.0181818,0.108108,0.8125,0.738739,0.882883,0.241935,0.566964,0.986842,12,0.0117188,75,11,7,21,0.333333,0.189247,-0.151509,0.0114577,-0.15822,0,0.709677,0.973684,,,,,,,,,,,,,,,,,,,
argmax,Readout,argmax token instead of expected value,"replay_bf16, a1",False,ref,108,0.0833333,0.0363636,0.138889,0.814815,0.740741,0.88785,0.454545,0.722222,0.982759,6.94444,0.226562,72,11,9,20,0.45,0.823803,0,0.0379603,-0.155163,0.3,0.490909,0.965517,,,,,,,,,,,,,,,,,,,
thr0,Decision threshold,any nonzero action counts as decided (0 bins),"replay_bf16 (GH200), cf1",False,ref,151,0.10596,0.0588235,0.16,0.768212,0.7,0.835526,0.494624,0.678808,0.96875,1.5625,0.864166,128,34,16,35,0.457143,0.735879,-0.151509,0.0114577,-0.15822,0,0.354839,0.9375,,,,,,,,,,,,,,,,,,,
thr2,Decision threshold,2 bins (0.000648),"replay_bf16 (GH200), cf1",False,ref,90,0.0666667,0.021978,0.122222,0.811111,0.730337,0.888889,0.368421,0.727778,0.993671,14.0351,0.0078125,57,8,6,17,0.352941,0.332306,-0.151509,0.0114577,-0.15822,0,0.578947,0.987342,,,,,,,,,,,,,,,,,,,
w254,Bin width,one bin taken as (q99-q01)/254 = 0.000325 instead of the grid step /255 = 0.0003238,"replay_bf16 (GH200), cf1",False,ref,112,0.0625,0.018018,0.108108,0.8125,0.736317,0.883929,0.440678,0.709821,0.994253,10.6667,0.0385742,75,12,7,21,0.333333,0.189247,-0.150931,0.0114577,-0.15822,0,0.508475,0.988506,,,,,,,,,,,,,,,,,,,
tok,Token map,token 31744 left out (renormalise over 31745-31999),"replay_bf16, c1",False,ref,112,0.0625,0.018018,0.108108,0.8125,0.736317,0.883929,0.440678,0.709821,0.994253,10.6667,0.0385742,75,12,7,21,0.333333,0.189247,-0.161122,0.0101119,-0.160945,0,0.508475,0.988506,,,,,,,,,,,,,,,,,,,
nf4,Precision,4-bit NF4 instead of bf16 (same GH200),"replay_nf4 (GH200), cf1",False,ref,116,0.0603448,0.0175439,0.104348,0.836207,0.768561,0.904348,0.392857,0.702586,0.941176,4.05405,0.548828,74,11,7,19,0.368421,0.359283,-0.034243,0.215197,-0.0775574,0,0.535714,0.905882,,,,,,,,,,,,,,,,,,,
nf4log,Precision + GPU,4-bit NF4 logged on Colab A100 (token fold unavailable: c1),"probe_predictions.csv, c1",False,ref,117,0.0512821,0.017094,0.0932203,0.837607,0.767227,0.905172,0.383929,0.713675,0.94186,4.05405,0.548828,74,11,6,19,0.315789,0.167068,-0.0174218,0.484839,-0.0437123,0,0.535714,0.906977,,,,,,,,,,,,,,,,,,,
gpu,GPU,"Colab A100 instead of GH200, at fixed NF4 precision and the 255-token readout (c1); comparator is GH200 NF4 c1, not the reference","probe_predictions.csv (A100) vs replay_nf4 (GH200), both c1",False,GH200 NF4 c1,117,0.0512821,0.017094,0.0932203,0.837607,0.767227,0.905172,0.383929,0.713675,0.94186,4.05405,0.548828,74,11,6,19,0.315789,0.167068,-0.0174218,0.484839,-0.0437123,0,0.535714,0.906977,A100,GH200,115,0.0608696,0.0176991,0.110169,0.834783,0.760684,0.903509,0.392857,0.708696,0.941176,4.10959,0.548828,7,19,0.359283,-0.0342448,0.239596
mir,Images (replication),"mirrored images, targets swapped and negated (correct scoring)","replay_bf16 mirror, cf1",False,ref,115,0.0347826,0.00862069,0.0701754,0.782609,0.701754,0.859649,0.391667,0.786957,0.858108,1.26582,1,79,23,4,25,0.16,0.000910521,-0.485018,0.000766,-0.210557,0,0.483333,0.77027,,,,,,,,,,,,,,,,,,,
mir_naive,Mirror scoring,"mirrored images, each role's target negated without swapping (NB06)","replay_bf16 mirror, cf1",False,mir,115,0.182609,0.113043,0.258621,0.782609,0.701754,0.859649,0.391667,0.786957,0.858108,1.26582,1,79,23,21,25,0.84,0.000910521,0.485018,0.000766,0.210557,0,0.483333,0.77027,,,,,,,,,,,,,,,,,,,
mir_none,Mirror scoring,"mirrored images, original targets kept","replay_bf16 mirror, cf1",False,mir,115,0.0347826,0.00862069,0.0701754,0.782609,0.701754,0.859649,0.391667,0.786957,0.858108,1.26582,1,79,23,4,25,0.16,0.000910521,-0.485018,0.000766,-0.210557,0,0.266667,0.0540541,,,,,,,,,,,,,,,,,,,
w_prenominal,Wording,"""pick up the left {noun}""","ladder_bf16, cf1",False,ref,107,0.186916,0.120343,0.264184,0.757009,0.675926,0.831815,0.344828,0.691589,0.987952,15.7143,0.0127258,70,17,20,26,0.769231,0.00935531,0.348805,0.000746341,0.211006,0,0.586207,0.975904,,,,,,,,,,,,,,,,,,,
w_object,Wording,"""pick up the object on the left""","ladder_bf16, cf1",False,ref,113,0.20354,0.126126,0.276823,0.725664,0.644053,0.808706,0.483333,0.623894,0.822785,3.7037,0.607239,81,15,23,31,0.741935,0.0106738,0.249994,0.0102252,0.160704,0,0.383333,0.734177,,,,,,,,,,,,,,,,,,,
w_table_side,Wording,"""pick up the {noun} on the left side of the table""","ladder_bf16, cf1",False,ref,113,0.0265487,0,0.0614171,0.787611,0.707965,0.857143,0.485075,0.725664,0.954023,9.63855,0.0385742,83,12,3,24,0.125,0.000277162,-0.484261,1.14649e-05,-0.274556,0,0.41791,0.91954,,,,,,,,,,,,,,,,,,,
w_absent_noun,Wording,"""pick up the {other noun} on the left"" (extra)","ladder_bf16, cf1",False,ref,101,0.0792079,0.029703,0.137255,0.792079,0.708738,0.871287,0.603448,0.658416,0.833333,6.77966,0.480682,59,18,8,21,0.380952,0.38331,-0.0855235,0.0414114,-0.127618,0,0.258621,0.76,,,,,,,,,,,,,,,,,,,
w_move,Wording,"""move left"" / ""move right"" (extra; no referent)","ladder_bf16, cf1",False,ref,93,0.182796,0.106383,0.263736,0.688172,0.591398,0.782609,0.574074,0.66129,0.724138,-3.22581,0.831812,62,22,17,29,0.586207,0.458258,0.169709,0.150781,0.0899086,0,0.240741,0.517241,,,,,,,,,,,,,,,,,,,
sub_det,Scene subset,detected-gripper scenes only (199 of 340),"replay_bf16 (GH200), cf1",False,ref,66,0.0454545,0,0.106061,0.833333,0.742424,0.924242,0.5,0.734848,1,6.12245,0.375,49,5,3,11,0.272727,0.226562,-0.367993,0.0021164,-0.251256,0,0.435897,1,,,,,,,,,,,,,,,,,,,
sub_notrel,Scene subset,scenes not relabelled by hand (287 of 340),"replay_bf16 (GH200), cf1",False,ref,95,0.0421053,0.0105263,0.0842105,0.821053,0.736842,0.894737,0.479167,0.710526,1,11.9403,0.0385742,67,12,4,17,0.235294,0.0490417,-0.227539,0.00155799,-0.215447,0,0.479167,1,,,,,,,,,,,,,,,,,,,
gpu_prefix,Autoregressive prefix,"dy read with a common (teacher-forced) dx token, or marginalised over dx",needs a prefix-control run (scripts/run_gpu.py has no such mode),True,,,,,,,,,,,,,,,,,,,,,,,,,,,,,,,,,,,,,,,,,,,,
gpu_screen,Stimulus screening,"include the 824 rejected (and 1,604 unscreened) composites",needs a GPU run on frames already in google_drive/v2/constructed/frames,True,,,,,,,,,,,,,,,,,,,,,,,,,,,,,,,,,,,,,,,,,,,,
gpu_dist,Readout,median or mode of the full 256-way dy distribution,"needs full-distribution logging (CSVs keep argmax, expected value, top prob, entropy, mass only)",True,,,,,,,,,,,,,,,,,,,,,,,,,,,,,,,,,,,,,,,,,,,,
