"position","scene_key","annotator","two_instances","gripper_ok","arrangement","plausible","seconds"
"1","s001","gs","yes","yes","both left","yes","74.5"
"2","s002","gs","yes","no","one on each side","yes","83.9"
"3","s003","gs","yes","no","both left","yes","77.2"
"4","s004","gs","yes","yes","one on each side","yes","11.8"
"5","s005","gs","yes","yes","both left","yes","9.5"
"6","s006","gs","yes","no","one on each side","yes","16.2"
"7","s007","gs","yes","yes","one on each side","yes","11.9"
"8","s008","gs","yes","yes","both left","yes","9.6"
"9","s009","gs","yes","no","both right","yes","13.8"
"10","s010","gs","yes","no","both right","yes","14.6"
"11","s011","gs","yes","yes","one on each side","yes","7.4"
"12","s012","gs","yes","yes","one on each side","yes","5.7"
"13","s013","gs","yes","yes","both right","yes","10.4"
"14","s014","gs","yes","yes","both right","yes","7.8"
"15","s015","gs","yes","yes","both left","yes","9.0"
"16","s016","gs","yes","yes","one on each side","yes","14.0"
"17","s017","gs","yes","yes","both left","yes","6.3"
"18","s018","gs","yes","yes","both right","yes","6.3"
"19","s019","gs","yes","yes","one on each side","no","7.4"
"20","s020","gs","yes","yes","both left","yes","11.1"
"21","s021","gs","yes","no","one on each side","no","7.8"
"22","s022","gs","yes","yes","both right","yes","8.5"
"23","s023","gs","yes","yes","one on each side","no","16.3"
"24","s024","gs","yes","no","both right","yes","7.7"
"25","s025","gs","yes","yes","both right","yes","7.4"
"26","s026","gs","yes","yes","one on each side","yes","8.0"
"27","s027","gs","yes","yes","both right","yes","5.1"
"28","s028","gs","yes","yes","one on each side","yes","5.3"
"29","s029","gs","yes","yes","one on each side","yes","5.0"
"30","s030","gs","yes","no","one on each side","yes","9.0"
"31","s031","gs","yes","yes","both right","yes","5.4"
"32","s032","gs","yes","no","both right","yes","6.8"
"33","s033","gs","yes","yes","one on each side","yes","5.1"
"34","s034","gs","yes","yes","one on each side","yes","5.6"
"35","s035","gs","yes","yes","one on each side","no","8.1"
"36","s036","gs","yes","yes","both right","yes","6.5"
"37","s037","gs","yes","yes","both right","yes","22.8"
"38","s038","gs","yes","yes","one on each side","yes","5.4"
"39","s039","gs","yes","yes","both right","yes","7.2"
"40","s040","gs","yes","yes","one on each side","yes","5.3"
"41","s041","gs","yes","no","one on each side","yes","7.5"
"42","s042","gs","yes","yes","one on each side","yes","5.1"
"43","s043","gs","yes","yes","one on each side","yes","4.8"
"44","s044","gs","yes","yes","both left","yes","6.4"
"45","s045","gs","yes","no","one on each side","no","11.2"
"46","s046","gs","yes","yes","one on each side","yes","6.2"
"47","s047","gs","yes","yes","one on each side","yes","12.4"
"48","s048","gs","yes","yes","both right","yes","12.2"
"49","s049","gs","yes","yes","both left","yes","5.6"
"50","s050","gs","yes","yes","one on each side","yes","8.5"
"51","s051","gs","yes","yes","one on each side","yes","19.5"
"52","s052","gs","yes","yes","one on each side","yes","6.8"
"53","s053","gs","yes","yes","one on each side","yes","7.7"
"54","s054","gs","yes","yes","one on each side","yes","9.6"
"55","s055","gs","yes","yes","both right","yes","6.1"
"56","s056","gs","yes","yes","both right","yes","8.4"
"57","s057","gs","yes","no","one on each side","yes","8.8"
"58","s058","gs","yes","yes","one on each side","yes","8.1"
"59","s059","gs","yes","no","both right","no","10.6"
"60","s060","gs","yes","yes","both left","yes","7.0"
"61","s061","gs","yes","no","one on each side","yes","8.1"
"62","s062","gs","yes","yes","one on each side","yes","8.8"
"63","s063","gs","yes","yes","one on each side","yes","4.7"
"64","s064","gs","yes","yes","one on each side","yes","5.9"
"65","s065","gs","yes","yes","one on each side","yes","6.3"
"66","s066","gs","yes","yes","both right","yes","6.2"
"67","s067","gs","yes","yes","both left","yes","6.0"
"68","s068","gs","yes","yes","one on each side","no","7.4"
"69","s069","gs","yes","yes","one on each side","yes","5.7"
"70","s070","gs","yes","yes","both left","yes","5.7"
"71","s071","gs","yes","yes","one on each side","yes","5.9"
"72","s072","gs","yes","yes","both left","yes","8.7"
"73","s073","gs","yes","yes","both right","yes","5.3"
"74","s074","gs","yes","yes","both right","yes","91.5"
"75","s075","gs","yes","no","one on each side","yes","8.4"
"76","s076","gs","yes","no","both right","yes","8.1"
"77","s077","gs","yes","yes","unclear","yes","13.1"
"78","s078","gs","yes","no","one on each side","yes","13.9"
"79","s079","gs","yes","yes","one on each side","yes","5.0"
"80","s080","gs","yes","yes","one on each side","yes","5.4"
"81","s081","gs","yes","yes","both right","yes","6.3"
"82","s082","gs","yes","yes","one on each side","yes","4.5"
"83","s083","gs","yes","no","one on each side","yes","5.5"
"84","s084","gs","yes","yes","unclear","no","7.6"
"85","s085","gs","yes","yes","both left","yes","7.3"
"86","s086","gs","yes","no","both left","yes","7.4"
"87","s087","gs","yes","yes","both left","yes","5.3"
"88","s088","gs","yes","no","both right","yes","6.8"
"89","s089","gs","yes","yes","one on each side","yes","6.8"
"90","s090","gs","yes","yes","both left","yes","5.6"
"91","s091","gs","yes","yes","one on each side","yes","9.0"
"92","s092","gs","yes","yes","both left","yes","4.9"
"93","s093","gs","yes","no","one on each side","yes","7.5"
"94","s094","gs","yes","yes","both right","yes","4.2"
"95","s095","gs","yes","no","both right","yes","5.9"
"96","s096","gs","yes","no","one on each side","yes","8.3"
"97","s097","gs","yes","no","both left","no","11.7"
"98","s098","gs","yes","no","one on each side","yes","6.0"
"99","s099","gs","yes","no","one on each side","yes","6.5"
"100","s100","gs","yes","yes","one on each side","yes","6.7"