position,scene_key,construct_id
1,s001,c008370_same_side_left_left
2,s002,c011351_opposite_left
3,s003,c011119_same_side_left_left
4,s004,c009613_opposite_left
5,s005,c009071_same_side_left_left
6,s006,c016343_opposite_left
7,s007,c012450_opposite_left
8,s008,c000532_same_side_left_left
9,s009,c016343_same_side_right_left
10,s010,c010183_same_side_right_left
11,s011,c003712_opposite_left
12,s012,c003136_opposite_left
13,s013,c000507_same_side_right_left
14,s014,c005701_same_side_right_left
15,s015,c007692_same_side_left_left
16,s016,c002487_opposite_left
17,s017,c008717_same_side_left_left
18,s018,c015346_same_side_right_left
19,s019,c008452_opposite_left
20,s020,c006869_same_side_left_left
21,s021,c009471_opposite_left
22,s022,c010356_same_side_right_left
23,s023,c015409_opposite_left
24,s024,c008788_same_side_right_left
25,s025,c002472_same_side_right_left
26,s026,c003425_opposite_left
27,s027,c003136_same_side_right_left
28,s028,c000886_opposite_left
29,s029,c002928_opposite_left
30,s030,c003711_opposite_left
31,s031,c002920_same_side_right_left
32,s032,c001890_same_side_right_left
33,s033,c014147_opposite_left
34,s034,c006415_opposite_left
35,s035,c014359_opposite_left
36,s036,c013785_same_side_right_left
37,s037,c015077_same_side_right_left
38,s038,c016648_opposite_left
39,s039,c001720_same_side_right_left
40,s040,c016185_opposite_left
41,s041,c002583_opposite_left
42,s042,c007015_opposite_left
43,s043,c002539_opposite_left
44,s044,c000086_same_side_left_left
45,s045,c001618_opposite_left
46,s046,c003620_opposite_left
47,s047,c016728_opposite_left
48,s048,c004883_same_side_right_left
49,s049,c002487_same_side_left_left
50,s050,c014739_opposite_left
51,s051,c003624_opposite_left
52,s052,c004420_opposite_left
53,s053,c007707_opposite_left
54,s054,c010756_opposite_left
55,s055,c002328_same_side_right_left
56,s056,c003425_same_side_right_left
57,s057,c010990_opposite_left
58,s058,c006869_opposite_left
59,s059,c005582_same_side_right_left
60,s060,c013125_same_side_left_left
61,s061,c005582_opposite_left
62,s062,c015738_opposite_left
63,s063,c009071_opposite_left
64,s064,c000445_opposite_left
65,s065,c006837_opposite_left
66,s066,c005448_same_side_right_left
67,s067,c015154_same_side_left_left
68,s068,c015654_opposite_left
69,s069,c014665_opposite_left
70,s070,c002962_same_side_left_left
71,s071,c009470_opposite_left
72,s072,c004988_same_side_left_left
73,s073,c001059_same_side_right_left
74,s074,c012319_same_side_right_left
75,s075,c010957_opposite_left
76,s076,c010980_same_side_right_left
77,s077,c000116_same_side_left_left
78,s078,c011267_opposite_left
79,s079,c012179_opposite_left
80,s080,c016546_opposite_left
81,s081,c014448_same_side_right_left
82,s082,c012181_opposite_left
83,s083,c012879_opposite_left
84,s084,c010089_same_side_left_left
85,s085,c001709_same_side_left_left
86,s086,c016179_same_side_left_left
87,s087,c014739_same_side_left_left
88,s088,c008114_same_side_right_left
89,s089,c000392_opposite_left
90,s090,c007336_same_side_left_left
91,s091,c013900_opposite_left
92,s092,c015732_same_side_left_left
93,s093,c015741_opposite_left
94,s094,c010413_same_side_right_left
95,s095,c001618_same_side_right_left
96,s096,c011119_opposite_left
97,s097,c015416_same_side_left_left
98,s098,c005192_opposite_left
99,s099,c010468_opposite_left
100,s100,c000935_opposite_left
